model_id,n_pairs,FID,KID,SSIM,PSNR,LPIPS,CMMD,CLIP-I,CLIP-T
MDHI_dispersive_upto_8_w0.01,130,122.514256,0.051735,0.224142,12.084414,0.550634,0.082462,0.861782,0.180344
MDHI_dispersive_upto_8_w0.03,130,122.402096,0.053236,0.236767,12.574436,0.556396,0.110194,0.862244,0.180433
MDHI_dispersive_upto_8_w0.05,130,116.050363,0.051385,0.244390,12.531826,0.548405,0.112018,0.867215,0.182201
MDHI_dispersive_upto_8_w0.07,130,129.591327,0.062638,0.222226,12.208436,0.566057,0.121052,0.852068,0.181570
MDHI_dispersive_upto_8_w0.09,130,138.995525,0.073270,0.207048,11.957993,0.580711,0.130796,0.844390,0.181183
